Name	title	coding
t3_qpqth4	CS electives	c
t3_qncmqz	Anyone know any good psychoanalysts around?	o
t3_qr8lnd	Stop Smoking within the Indicated Line	o
t3_qotj9a	Study permit	o
t3_qqg6b9	How will theology department tests work when we return to school in January?	c
t3_qple7p	Did not meet the requirements on conditional offer	o
t3_qr9eyp	Does COMP 248 have a curve?	c
t3_qr3kcf	Im thinking of taking Econ 201 or 203 this winter semester	c
t3_qnf3mt	"To do checklist on student centre after I applied (I'm international so it asks for like visa expense documents, etc), do I need to do it before or after I have a decision?"	o
t3_qmdxoa	Gown	o
t3_qq9ztp	Surveys about Hair Salons and Nail Salons for COMM 210 Class	c
t3_qmavtc	Unable to DISC co-requisite course	c
t3_qrszp4	We're looking for new r/Concordia Moderators	o
t3_qr12pu	US students what gpa did you have when you applied to concordia	c
t3_qqk482	How much financial aid money do I lose if I disc a class?	c
t3_qoumus	Comm 215	c
t3_qpe7hw	Housing Accomodation	r
t3_qpyqie	Question for CS students	c
t3_qn079w	Soccer Tournament	o
t3_qoi8u0	Account Balance	o
t3_qrmu62	INSE 6150	c
t3_qpkgv0	Do you drink coffee in the morning?	f
t3_qnb3i5	Is a tutor allowed to give a quiz after stating no quiz would be given?	c
t3_qptic5	What kind of phone do you use? (Survey for a class)	o
t3_qm78z3	Winter 2022 Schedule Advice	c
t3_qpr2og	"Guys , whatâ€™s the best website/app to find apartments for rent for students?"	r
t3_qm3emw	Confusion Regarding Admission	o
t3_qngpnq	"MATH 204, MATH 205 delivery question"	c
t3_qphn14	Chance of concentration mechanical Beng to Soen	c
t3_qrunr8	Scholarly articles	o
t3_qpvjxz	DISC Inquiry	o
t3_qq3qev	I need tutoring for engr 242 statics please send halp ğŸš€ğŸš€ğŸš€ğŸš€ğŸ™ğŸ»ğŸ™ğŸ»ğŸ™ğŸ»	c
t3_qp6olo	Anyone here doing options trading	o
t3_qmx5wu	What's going on at Space Concordia	o
t3_qnqr6v	Conditional Offer of Admission	o
t3_qprn6y	Final year worries	o
t3_qobx60	Hi I am new to university today I drop math 204 tomorrow is our medterm is it effect on my GPA	c
t3_qraagr	University Grades	c
t3_qqi45f	Students who live alone. How you manage it out and what is your budget	r
t3_qrt5uy	math and stats major	c
t3_qo0c3s	BTM salary upon graduation?	o
t3_qmopar	Survey for our Statistics Class! :)	c
t3_qrgecn	iâ€™m currently in my first year and got accepted to coop. Is it recommended? Just wanted to say that iâ€™m an international student so iâ€™m guessing this will give me a better chance to get a job here other than just trying on my own. help?	o
t3_qmnj38	Freshman Questions	c
t3_qoamk1	Comm 210 help	c
t3_qoec88	Construction Engineering and Management (MEng)	c
t3_qpl3jr	Is graduate course withdrawal deadline today?	c
t3_qpl6dx	Work-study program	o
t3_qp6cg0	Is there and art club or something that students from outside of fine arts can join?	o
t3_qn0dnv	Self-study source for MATH and PHYS	c